ORIGIN,AIRLINE,ARR_DELAY
ABE,Allegiant Air ,11.841870824053451
ABE,Atlantic Southeast Airlines,7.90929203539823
ABE,Comair,2.085173501577287
ABE,Delta Air Lines,3.8753462603878117
ABE,Endeavor Air,9.68945868945869
ABE,SkyWest Airlines,11.620132953466287
ABI,American Eagle Airlines,6.5353535353535355
ABQ,Alaska Airlines,5.121951219512195
ABQ,Allegiant Air ,15.524663677130045
ABQ,American Airlines,4.686860417519443
ABQ,American Eagle Airlines,-1.921875
ABQ,Atlantic Southeast Airlines,3.5592105263157894
ABQ,Delta Air Lines,-6.65693950177936
ABQ,Frontier Airlines,14.943566591422123
ABQ,JetBlue Airways,4.257328990228013
ABQ,Mesa Airlines,2.423352680095596
ABQ,Republic Airways,-0.2766990291262136
ABQ,SkyWest Airlines,4.6757553426676495
ABQ,Southwest Airlines,4.300464138716174
ABQ,United Airlines,3.093447905477981
ABR,SkyWest Airlines,4.835597826086956
ABY,Endeavor Air,14.819444444444445
ABY,SkyWest Airlines,15.363265306122448
ACK,Endeavor Air,42.9010989010989
ACK,JetBlue Airways,19.830409356725145
ACK,Republic Airways,0.7692307692307693
ACT,American Eagle Airlines,3.131853785900783
ACV,SkyWest Airlines,11.868347338935575
ACY,Spirit Airlines,3.5342592592592594
ADK,Alaska Airlines,-1.683168316831683
ADQ,Alaska Airlines,-3.2022653721682848
AEX,American Eagle Airlines,5.332684824902723
AEX,Atlantic Southeast Airlines,0.8234126984126984
AEX,Endeavor Air,2.1616161616161618
AEX,SkyWest Airlines,9.166872682323856
AGS,American Eagle Airlines,33.25
AGS,Atlantic Southeast Airlines,0.2684563758389262
AGS,Comair,7.445017182130584
AGS,Delta Air Lines,0.8331143232588699
AGS,Endeavor Air,8.8231884057971
AGS,Mesa Airlines,-19.0
AGS,Republic Airways,20.9375
AGS,SkyWest Airlines,19.675938803894297
AKN,Alaska Airlines,1.4285714285714286
ALB,Allegiant Air ,23.22222222222222
ALB,American Airlines,-3.822562979189485
ALB,American Eagle Airlines,8.61437908496732
ALB,Atlantic Southeast Airlines,24.026785714285715
ALB,Comair,7.013574660633484
ALB,Delta Air Lines,-7.440087145969499
ALB,Endeavor Air,-3.8227848101265822
ALB,Frontier Airlines,37.51948051948052
ALB,JetBlue Airways,14.977808599167822
ALB,Mesa Airlines,8.088235294117647
ALB,Republic Airways,-0.6233595800524935
ALB,SkyWest Airlines,5.277966101694915
ALB,Southwest Airlines,0.3099483810417644
ALB,United Airlines,8.205307262569832
ALO,American Eagle Airlines,7.137825421133231
AMA,American Airlines,-13.5
AMA,American Eagle Airlines,0.812327506899724
AMA,Atlantic Southeast Airlines,5.213459516298633
AMA,Mesa Airlines,5.5634654130288785
AMA,SkyWest Airlines,-3.6470588235294117
AMA,Southwest Airlines,3.26
ANC,Alaska Airlines,-6.0476222642529045
ANC,American Airlines,33.32520325203252
ANC,Delta Air Lines,-4.619141588554514
ANC,JetBlue Airways,-3.056872037914692
ANC,United Airlines,4.568544102019128
APN,SkyWest Airlines,8.418333333333333
ART,Comair,17.291666666666668
ASE,SkyWest Airlines,10.521344800625489
ATL,Alaska Airlines,-3.5583456425406204
ATL,American Airlines,3.2421391864820137
ATL,American Eagle Airlines,4.5910543130990416
ATL,Atlantic Southeast Airlines,8.07880095378676
ATL,Comair,11.71085409252669
ATL,Delta Air Lines,1.4550367239752164
ATL,Endeavor Air,4.10435754996032
ATL,Frontier Airlines,12.020432692307692
ATL,JetBlue Airways,11.886170906718853
ATL,Mesa Airlines,8.526106194690266
ATL,Republic Airways,0.8247740345110929
ATL,SkyWest Airlines,8.975290338522361
ATL,Southwest Airlines,5.933789567866902
ATL,Spirit Airlines,7.7267470472440944
ATL,United Airlines,10.834211080682536
ATW,Allegiant Air ,5.057077625570776
ATW,American Eagle Airlines,1.0135135135135136
ATW,Atlantic Southeast Airlines,1.5320512820512822
ATW,Delta Air Lines,-0.5134529147982063
ATW,Endeavor Air,4.244532803180914
ATW,SkyWest Airlines,5.9421487603305785
AUS,Alaska Airlines,1.165580182529335
AUS,Allegiant Air ,15.721182266009853
AUS,American Airlines,2.8469194312796207
AUS,American Eagle Airlines,7.333333333333333
AUS,Atlantic Southeast Airlines,-6.909090909090909
AUS,Comair,0.029411764705882353
AUS,Delta Air Lines,1.3090885002649708
AUS,Endeavor Air,4.047337278106509
AUS,Frontier Airlines,19.553473848555814
AUS,JetBlue Airways,10.931657848324514
AUS,Mesa Airlines,6.813143309580364
AUS,Republic Airways,-1.1767676767676767
AUS,SkyWest Airlines,4.178841309823677
AUS,Southwest Airlines,3.3371473150435573
AUS,United Airlines,7.5818052594172
AUS,Virgin America,10.27710843373494
AVL,Allegiant Air ,6.585572842998586
AVL,Atlantic Southeast Airlines,5.690972222222222
AVL,Comair,0.10518934081346423
AVL,Delta Air Lines,0.9967479674796748
AVL,Endeavor Air,3.9143302180685358
AVL,SkyWest Airlines,16.69795307039441
AVL,Spirit Airlines,4.874125874125874
AVL,United Airlines,52.88381742738589
AVP,Allegiant Air ,51.5
AVP,American Eagle Airlines,7.638069705093834
AVP,Atlantic Southeast Airlines,31.796526054590572
AVP,Comair,3.996512641673932
AVP,Delta Air Lines,-1.2885714285714285
AVP,Endeavor Air,-7.693333333333333
AVP,SkyWest Airlines,9.456140350877194
AZA,Allegiant Air ,3.6567910734898037
AZO,American Eagle Airlines,0.4034653465346535
AZO,Atlantic Southeast Airlines,48.666666666666664
AZO,Endeavor Air,69.33333333333333
AZO,SkyWest Airlines,1.4693434617471515
BDL,American Airlines,1.0356835769561479
BDL,American Eagle Airlines,1.3254437869822486
BDL,Atlantic Southeast Airlines,6.601941747572815
BDL,Comair,9.06675392670157
BDL,Delta Air Lines,-4.527670234570713
BDL,Endeavor Air,-4.274969173859433
BDL,JetBlue Airways,10.686703601108034
BDL,Mesa Airlines,3.6552845528455284
BDL,Republic Airways,1.700657894736842
BDL,SkyWest Airlines,7.835470085470085
BDL,Southwest Airlines,0.23139833226427198
BDL,Spirit Airlines,2.137478608100399
BDL,United Airlines,2.453378956372968
BET,Alaska Airlines,-4.420987654320988
BFF,SkyWest Airlines,0.631578947368421
BFL,Mesa Airlines,9.351247600767755
BFL,SkyWest Airlines,-1.7708803611738149
BGM,SkyWest Airlines,7.427942794279428
BGR,Allegiant Air ,7.4779005524861875
BGR,American Eagle Airlines,6.02262443438914
BGR,Atlantic Southeast Airlines,24.650088809946713
BGR,Comair,-0.5447470817120622
BGR,Delta Air Lines,32.602739726027394
BGR,Endeavor Air,3.366064414768264
BGR,Republic Airways,-0.20018034265103696
BGR,SkyWest Airlines,3.3636363636363638
BGR,United Airlines,9.25
BHM,Allegiant Air ,34.0
BHM,American Eagle Airlines,2.2574812967581046
BHM,Atlantic Southeast Airlines,4.674405107370864
BHM,Comair,7.912211421628189
BHM,Delta Air Lines,4.834541062801932
BHM,Endeavor Air,7.280973451327434
BHM,Frontier Airlines,22.105527638190956
BHM,Mesa Airlines,8.18342151675485
BHM,Republic Airways,-3.811111111111111
BHM,SkyWest Airlines,15.241921397379913
BHM,Southwest Airlines,3.7067078972407232
BIL,Allegiant Air ,20.802158273381295
BIL,American Eagle Airlines,-4.49438202247191
BIL,Delta Air Lines,-3.5258999122036876
BIL,SkyWest Airlines,1.8376383763837638
BIL,United Airlines,-1.8245125348189415
BIS,Allegiant Air ,10.313131313131313
BIS,American Eagle Airlines,7.4
BIS,Delta Air Lines,-1.0055555555555555
BIS,Endeavor Air,-7.4
BIS,Frontier Airlines,19.824742268041238
BIS,Mesa Airlines,7.76685393258427
BIS,SkyWest Airlines,2.144325290437891
BJI,SkyWest Airlines,2.869742198100407
BKG,Frontier Airlines,20.102941176470587
BLI,Alaska Airlines,-4.97508896797153
BLI,Allegiant Air ,-1.2287869264613451
BLI,SkyWest Airlines,2.3685800604229605
BLV,Allegiant Air ,18.67690782953419
BMI,Allegiant Air ,18.946188340807176
BMI,American Eagle Airlines,-3.5233766233766235
BMI,Atlantic Southeast Airlines,8.125
BMI,Endeavor Air,13.401396160558464
BMI,Frontier Airlines,51.3448275862069
BMI,Mesa Airlines,6.991212653778559
BMI,SkyWest Airlines,12.578125
BNA,Alaska Airlines,-0.9786324786324786
BNA,Allegiant Air ,25.220289855072465
BNA,American Airlines,1.5680873980612402
BNA,American Eagle Airlines,7.203173204054649
BNA,Atlantic Southeast Airlines,25.97521685254027
BNA,Comair,14.347659247889485
BNA,Delta Air Lines,-1.2301858736059479
BNA,Endeavor Air,12.950256035113387
BNA,Frontier Airlines,9.634328358208956
BNA,JetBlue Airways,13.495238095238095
BNA,Mesa Airlines,6.4351931330472105
BNA,Republic Airways,4.270301895623684
BNA,SkyWest Airlines,10.32051105921143
BNA,Southwest Airlines,4.0127774615822425
BNA,United Airlines,14.430992736077481
BNA,Virgin America,20.921348314606742
BOI,Alaska Airlines,-2.640699523052464
BOI,Allegiant Air ,12.472049689440993
BOI,American Airlines,1.4253632760898283
BOI,American Eagle Airlines,7.965665236051502
BOI,Delta Air Lines,-1.0416666666666667
BOI,Frontier Airlines,27.185567010309278
BOI,Mesa Airlines,5.089777777777778
BOI,Republic Airways,-10.163934426229508
BOI,SkyWest Airlines,3.5429141716566868
BOI,Southwest Airlines,-0.7354509622072803
BOI,United Airlines,-4.652329749103942
BOS,Alaska Airlines,-2.592995579734784
BOS,American Airlines,1.570645281611339
BOS,American Eagle Airlines,7.700541190619362
BOS,Atlantic Southeast Airlines,10.533127889060092
BOS,Delta Air Lines,2.266165676336945
BOS,Endeavor Air,6.054048892284186
BOS,JetBlue Airways,10.31178744919203
BOS,Mesa Airlines,7.492753623188406
BOS,Republic Airways,8.45939557656593
BOS,SkyWest Airlines,19.748881431767337
BOS,Southwest Airlines,0.6965696917064699
BOS,Spirit Airlines,9.115165783794389
BOS,United Airlines,7.483487643070642
BOS,Virgin America,2.8065843621399176
BPT,American Eagle Airlines,3.4687116564417177
BQK,Endeavor Air,-1.914361001317523
BQK,SkyWest Airlines,3.3463035019455254
BQN,JetBlue Airways,4.613747954173486
BQN,Spirit Airlines,9.334963325183374
BQN,United Airlines,20.31023102310231
BRD,SkyWest Airlines,1.645367412140575
BRO,American Eagle Airlines,-4.681818181818182
BRO,Atlantic Southeast Airlines,1.6932270916334662
BRO,Mesa Airlines,2.8575883575883574
BRO,Republic Airways,3.0061349693251533
BRO,SkyWest Airlines,7.7155172413793105
BRW,Alaska Airlines,-8.516129032258064
BTM,SkyWest Airlines,-5.737777777777778
BTR,American Eagle Airlines,11.714285714285714
BTR,Atlantic Southeast Airlines,9.606190476190477
BTR,Comair,12.130434782608695
BTR,Delta Air Lines,-1.6929674099485421
BTR,Endeavor Air,3.8998272884283245
BTR,Mesa Airlines,7.193921852387843
BTR,Republic Airways,0.003875968992248062
BTR,SkyWest Airlines,7.829036635006784
BTR,United Airlines,-6.0
BTV,American Airlines,5.207011686143573
BTV,American Eagle Airlines,3.175438596491228
BTV,Atlantic Southeast Airlines,37.96449704142012
BTV,Comair,5.025291828793774
BTV,Delta Air Lines,5.425414364640884
BTV,Endeavor Air,7.88519885198852
BTV,JetBlue Airways,9.780219780219781
BTV,Mesa Airlines,4.2507552870090635
BTV,Republic Airways,0.6195372750642674
BTV,SkyWest Airlines,9.07744874715262
BTV,United Airlines,4.703022339027595
BUF,American Airlines,-0.8803501945525292
BUF,American Eagle Airlines,4.368196371398079
BUF,Atlantic Southeast Airlines,40.39018087855297
BUF,Comair,5.09375
BUF,Delta Air Lines,-1.414075286415712
BUF,Endeavor Air,5.930513595166163
BUF,Frontier Airlines,18.104477611940297
BUF,JetBlue Airways,8.831916285153696
BUF,Mesa Airlines,7.105080831408776
BUF,Republic Airways,2.1815230224321134
BUF,SkyWest Airlines,6.44954881050041
BUF,Southwest Airlines,0.22151581060732808
BUF,United Airlines,10.423476968796434
BUR,Alaska Airlines,-0.5631768953068592
BUR,JetBlue Airways,6.764822134387352
BUR,Mesa Airlines,5.2715827338129495
BUR,SkyWest Airlines,9.524410774410775
BUR,Southwest Airlines,5.174091252292094
BUR,United Airlines,8.205580029368576
BWI,Alaska Airlines,-1.432510885341074
BWI,Allegiant Air ,10.191549295774648
BWI,American Airlines,4.093405632324646
BWI,American Eagle Airlines,8.130028735632184
BWI,Atlantic Southeast Airlines,22.139303482587064
BWI,Comair,11.603053435114504
BWI,Delta Air Lines,2.3105607742670085
BWI,Endeavor Air,11.105957253296953
BWI,JetBlue Airways,12.625409537677466
BWI,Republic Airways,2.052023121387283
BWI,SkyWest Airlines,25.589958158995817
BWI,Southwest Airlines,4.000824156305506
BWI,Spirit Airlines,5.289248101885868
BWI,United Airlines,3.8056927098460647
BWI,Virgin America,8.152941176470588
BZN,Allegiant Air ,9.78695652173913
BZN,American Airlines,6.575187969924812
BZN,American Eagle Airlines,1.9587020648967552
BZN,Delta Air Lines,-5.854571634269258
BZN,Frontier Airlines,9.316831683168317
BZN,JetBlue Airways,11.833333333333334
BZN,Mesa Airlines,-3.375
BZN,Republic Airways,-10.571428571428571
BZN,SkyWest Airlines,6.8188894654903995
BZN,United Airlines,9.828016643550624
CAE,American Airlines,1.20708446866485
CAE,American Eagle Airlines,-6.410169491525424
CAE,Atlantic Southeast Airlines,4.376728110599078
CAE,Comair,6.190243902439025
CAE,Delta Air Lines,1.7954000958313368
CAE,Endeavor Air,9.38976377952756
CAE,Mesa Airlines,28.625
CAE,Republic Airways,-6.642553191489362
CAE,SkyWest Airlines,25.5
CAK,American Eagle Airlines,4.70383275261324
CAK,Atlantic Southeast Airlines,26.91213389121339
CAK,Comair,8.762124711316398
CAK,Delta Air Lines,-1.3877245508982037
CAK,Endeavor Air,1.5169300225733635
CAK,SkyWest Airlines,10.987654320987655
CAK,Spirit Airlines,14.203522504892367
CDC,SkyWest Airlines,-0.7326892109500805
CDV,Alaska Airlines,-3.823529411764706
CGI,SkyWest Airlines,11.53728813559322
CHA,Allegiant Air ,22.235555555555557
CHA,American Eagle Airlines,9.445454545454545
CHA,Atlantic Southeast Airlines,13.579676674364896
CHA,Comair,5.206666666666667
CHA,Delta Air Lines,0.741424802110818
CHA,Endeavor Air,1.746719160104987
CHA,Mesa Airlines,11.507936507936508
CHA,Republic Airways,-2.4444444444444446
CHA,SkyWest Airlines,10.198046480296396
CHO,American Eagle Airlines,17.082781456953644
CHO,Atlantic Southeast Airlines,9.884615384615385
CHO,Comair,7.321524064171123
CHO,Delta Air Lines,-3.121813031161473
CHO,Endeavor Air,6.606458123107972
CHO,SkyWest Airlines,15.170196078431372
CHS,Alaska Airlines,-13.547325102880658
CHS,Allegiant Air ,15.633928571428571
CHS,American Airlines,-0.9186335403726708
CHS,American Eagle Airlines,0.7604519774011299
CHS,Atlantic Southeast Airlines,30.2175
CHS,Comair,5.095755875131533
CHS,Delta Air Lines,-0.7662503186336987
CHS,Endeavor Air,5.452830188679245
CHS,Frontier Airlines,15.706439393939394
CHS,JetBlue Airways,8.130660727542688
CHS,Mesa Airlines,3.532219570405728
CHS,Republic Airways,6.418704418704419
CHS,SkyWest Airlines,21.93638170974155
CHS,Southwest Airlines,0.8124569855471439
CHS,United Airlines,3.85325743200506
CID,Allegiant Air ,12.477761836441895
CID,American Eagle Airlines,4.376863985539991
CID,Atlantic Southeast Airlines,3.5434782608695654
CID,Comair,2.300429184549356
CID,Delta Air Lines,-2.916913946587537
CID,Endeavor Air,4.490813648293964
CID,Frontier Airlines,5.21608040201005
CID,Republic Airways,8.507692307692308
CID,SkyWest Airlines,5.309488177192457
CID,United Airlines,5.682080924855492
CIU,SkyWest Airlines,9.83206106870229
CKB,Allegiant Air ,27.876033057851238
CKB,SkyWest Airlines,14.648567119155354
CLE,Allegiant Air ,16.754248366013073
CLE,American Airlines,2.7881383855024713
CLE,American Eagle Airlines,5.806654440660204
CLE,Atlantic Southeast Airlines,7.368572550045793
CLE,Comair,2.477272727272727
CLE,Delta Air Lines,2.1695888754534463
CLE,Endeavor Air,5.6947368421052635
CLE,Frontier Airlines,11.488188976377952
CLE,JetBlue Airways,6.435294117647059
CLE,Mesa Airlines,6.8979591836734695
CLE,Republic Airways,10.677729257641921
CLE,SkyWest Airlines,8.838860544217686
CLE,Southwest Airlines,0.20622400688369424
CLE,Spirit Airlines,1.2712675093952852
CLE,United Airlines,-0.1281563472846766
CLL,American Eagle Airlines,3.9418103448275863
CLL,Atlantic Southeast Airlines,1.8717735220649458
CLL,SkyWest Airlines,55.484375
CLT,American Airlines,5.9669783045357505
CLT,American Eagle Airlines,11.973333333333333
CLT,Atlantic Southeast Airlines,10.534306569343066
CLT,Comair,9.445628276678505
CLT,Delta Air Lines,-4.236271794036174
CLT,Endeavor Air,6.927835051546392
CLT,Frontier Airlines,14.910226385636221
CLT,JetBlue Airways,18.197748064743138
CLT,Mesa Airlines,8.688221709006928
CLT,Republic Airways,3.9615701345045293
CLT,SkyWest Airlines,19.444897959183674
CLT,Southwest Airlines,8.837909361561364
CLT,United Airlines,14.059080962800875
CMH,American Airlines,8.602782071097373
CMH,American Eagle Airlines,14.74657394150133
CMH,Atlantic Southeast Airlines,28.0234375
CMH,Comair,15.030756442227764
CMH,Delta Air Lines,-0.9412770809578107
CMH,Endeavor Air,13.673846153846155
CMH,Frontier Airlines,14.16970802919708
CMH,Mesa Airlines,9.384858044164037
CMH,Republic Airways,1.2518038701213512
CMH,SkyWest Airlines,4.329495614035087
CMH,Southwest Airlines,3.4697107063380863
CMH,Spirit Airlines,-2.5825522710886806
CMH,United Airlines,8.642369020501139
CMI,American Eagle Airlines,3.931657848324515
CMX,SkyWest Airlines,21.026086956521738
CNY,SkyWest Airlines,4.235576923076923
COD,SkyWest Airlines,7.61433868974042
COS,Allegiant Air ,1.4285714285714286
COS,American Airlines,9.853956834532374
COS,American Eagle Airlines,-5.852941176470588
COS,Atlantic Southeast Airlines,3.074074074074074
COS,Delta Air Lines,-2.4598765432098766
COS,Frontier Airlines,19.16248574686431
COS,Mesa Airlines,15.631944444444445
COS,Republic Airways,0.33933933933933935
COS,SkyWest Airlines,7.18510713031261
COU,American Eagle Airlines,4.372307692307692
COU,Atlantic Southeast Airlines,7.023809523809524
COU,Mesa Airlines,14.440433212996389
COU,SkyWest Airlines,14.290909090909091
CPR,Allegiant Air ,85.0
CPR,SkyWest Airlines,-3.502553626149132
CRP,American Eagle Airlines,5.542857142857143
CRP,Atlantic Southeast Airlines,-0.7642276422764228
CRP,Mesa Airlines,4.886408927859705
CRP,Republic Airways,-10.181818181818182
CRP,SkyWest Airlines,15.526881720430108
CRP,Southwest Airlines,3.4300993124522536
CRP,United Airlines,0.4528301886792453
CRW,Atlantic Southeast Airlines,10.221374045801527
CRW,Comair,9.342961757526444
CRW,Delta Air Lines,4.748571428571428
CRW,Endeavor Air,9.537832310838446
CRW,SkyWest Airlines,8.685983827493262
CRW,Spirit Airlines,-4.214285714285714
CSG,Atlantic Southeast Airlines,17.0
CSG,Endeavor Air,10.213434452871073
CSG,SkyWest Airlines,15.306962025316455
CVG,Allegiant Air ,8.481255206886976
CVG,American Airlines,6.245664739884393
CVG,American Eagle Airlines,9.409445310759635
CVG,Atlantic Southeast Airlines,12.564102564102564
CVG,Comair,10.226330759853719
CVG,Delta Air Lines,-2.9154063060753654
CVG,Endeavor Air,5.9475478129142205
CVG,Frontier Airlines,9.037457783236107
CVG,Mesa Airlines,6.549623115577889
CVG,Republic Airways,5.786331500392773
CVG,SkyWest Airlines,15.523418893887271
CVG,Southwest Airlines,3.4970516822754076
CVG,United Airlines,5.0285714285714285
CWA,American Eagle Airlines,3.5140086206896552
CWA,Atlantic Southeast Airlines,21.21951219512195
CWA,Endeavor Air,-0.36393659180977544
CWA,SkyWest Airlines,12.076595744680851
CYS,SkyWest Airlines,16.087719298245613
DAB,American Airlines,8.0
DAB,Comair,5.560551124002901
DAB,Delta Air Lines,4.285796105383734
DAB,JetBlue Airways,6.089385474860335
DAL,Alaska Airlines,7.356200527704486
DAL,Delta Air Lines,4.471471471471472
DAL,SkyWest Airlines,13.076126359399275
DAL,Southwest Airlines,8.58852348778379
DAL,Virgin America,-0.5212464589235127
DAY,Allegiant Air ,5.427728613569322
DAY,American Airlines,20.75824175824176
DAY,American Eagle Airlines,0.5441400304414004
DAY,Atlantic Southeast Airlines,19.734828496042216
DAY,Comair,9.39930828486087
DAY,Delta Air Lines,1.9592430858806404
DAY,Endeavor Air,4.424242424242424
DAY,Mesa Airlines,5.842105263157895
DAY,Republic Airways,-2.946107784431138
DAY,SkyWest Airlines,10.708590068865531
DBQ,American Eagle Airlines,4.986387434554974
DCA,Alaska Airlines,-8.814619883040935
DCA,American Airlines,1.7516012374188488
DCA,American Eagle Airlines,3.7303754266211606
DCA,Atlantic Southeast Airlines,13.464546056991384
DCA,Comair,12.26157609645291
DCA,Delta Air Lines,1.5369917796045323
DCA,Endeavor Air,3.3622526636225265
DCA,Frontier Airlines,7.173708920187793
DCA,JetBlue Airways,10.983970051833365
DCA,Mesa Airlines,9.07001321003963
DCA,Republic Airways,2.610938821539329
DCA,SkyWest Airlines,4.177777777777778
DCA,Southwest Airlines,4.13092353257943
DCA,United Airlines,2.772698940369832
DCA,Virgin America,-5.861471861471862
DEN,Alaska Airlines,2.6220865704772476
DEN,Allegiant Air ,18.517241379310345
DEN,American Airlines,6.11034549689441
DEN,Delta Air Lines,-2.412906521368977
DEN,Endeavor Air,9.03225806451613
DEN,Frontier Airlines,13.351966686280722
DEN,JetBlue Airways,14.63107638888889
DEN,Republic Airways,6.228915662650603
DEN,SkyWest Airlines,5.665396437744747
DEN,Southwest Airlines,4.873912661453299
DEN,Spirit Airlines,10.317938021454111
DEN,United Airlines,4.108592170410584
DEN,Virgin America,4.805882352941176
DFW,Alaska Airlines,-3.0742268041237115
DFW,American Airlines,10.575336724255513
DFW,American Eagle Airlines,3.048416307803759
DFW,Atlantic Southeast Airlines,12.537842498562943
DFW,Delta Air Lines,3.5443881245474294
DFW,Endeavor Air,9.651976374375284
DFW,Frontier Airlines,6.897247706422019
DFW,JetBlue Airways,19.12621359223301
DFW,Mesa Airlines,14.625940291490362
DFW,Republic Airways,12.886641982341214
DFW,SkyWest Airlines,14.458338749512544
DFW,Spirit Airlines,7.373626373626373
DFW,United Airlines,7.453542573026724
DHN,Endeavor Air,-1.0606060606060606
DHN,SkyWest Airlines,10.341335333833458
DLG,Alaska Airlines,-3.0123456790123457
DLH,SkyWest Airlines,7.709405144694534
DLH,United Airlines,5.266666666666667
DRO,Mesa Airlines,5.097480106100796
DRO,Republic Airways,11.492481203007518
DRO,SkyWest Airlines,6.820532915360501
DRT,American Eagle Airlines,-9.805309734513274
DSM,Allegiant Air ,15.337050805452293
DSM,American Airlines,5.8394988066825775
DSM,American Eagle Airlines,5.144478063540091
DSM,Atlantic Southeast Airlines,7.384015594541911
DSM,Comair,5.495982468955442
DSM,Delta Air Lines,1.369
DSM,Endeavor Air,0.3664978292329957
DSM,Frontier Airlines,22.13082039911308
DSM,Mesa Airlines,5.578378378378378
DSM,Republic Airways,5.090317331163548
DSM,SkyWest Airlines,10.76181592039801
DSM,Southwest Airlines,1.7932263814616756
DSM,United Airlines,3.4439208294062205
DTW,Alaska Airlines,-4.775811209439528
DTW,American Airlines,2.273462783171521
DTW,American Eagle Airlines,16.944333996023857
DTW,Atlantic Southeast Airlines,21.381165919282513
DTW,Comair,3.8516978516978515
DTW,Delta Air Lines,-2.249778805005327
DTW,Endeavor Air,0.4833965844402277
DTW,Frontier Airlines,14.304730473047305
DTW,JetBlue Airways,3.7619392185238785
DTW,Mesa Airlines,12.842474226804123
DTW,Republic Airways,6.870400602787894
DTW,SkyWest Airlines,5.89019936082788
DTW,Southwest Airlines,1.5368093615760627
DTW,Spirit Airlines,1.1999420457838308
DTW,United Airlines,4.295618051013735
DVL,SkyWest Airlines,9.229202037351444
EAR,SkyWest Airlines,-14.613065326633166
EAU,SkyWest Airlines,15.070301291248207
ECP,Atlantic Southeast Airlines,4.035294117647059
ECP,Delta Air Lines,4.350734921439432
ECP,Mesa Airlines,4.898148148148148
ECP,Southwest Airlines,4.534669555796317
EGE,American Airlines,22.5475910693302
EGE,Delta Air Lines,13.60576923076923
EGE,SkyWest Airlines,10.819354838709678
EGE,United Airlines,13.015810276679842
EKO,SkyWest Airlines,-3.2317262830482116
ELM,Allegiant Air ,4.764505119453925
ELM,Atlantic Southeast Airlines,169.0
ELM,Endeavor Air,1.864864864864865
ELP,Allegiant Air ,14.206060606060607
ELP,American Airlines,9.438515081206496
ELP,American Eagle Airlines,5.3428571428571425
ELP,Atlantic Southeast Airlines,-2.9264305177111716
ELP,Delta Air Lines,-3.2736842105263158
ELP,Frontier Airlines,15.728205128205127
ELP,Mesa Airlines,7.220639738501051
ELP,Republic Airways,6.679515418502203
ELP,SkyWest Airlines,9.805950840879689
ELP,Southwest Airlines,3.4606017191977076
ELP,United Airlines,11.883116883116884
ERI,Atlantic Southeast Airlines,7.857142857142857
ERI,SkyWest Airlines,2.6003996003996006
ESC,SkyWest Airlines,8.274959083469723
EUG,Allegiant Air ,16.94621513944223
EUG,SkyWest Airlines,4.603218210361067
EUG,United Airlines,3.8649706457925634
EVV,Allegiant Air ,25.555555555555557
EVV,American Eagle Airlines,-2.3316912972085384
EVV,Atlantic Southeast Airlines,13.083870967741936
EVV,Comair,2.7424023154848047
EVV,Delta Air Lines,3.402640264026403
EVV,Endeavor Air,3.5937286980231766
EVV,Mesa Airlines,5.286021505376344
EVV,SkyWest Airlines,12.192468619246862
EWN,American Eagle Airlines,3.028985507246377
EWN,Comair,3.582055214723926
EWN,Endeavor Air,0.828752642706131
EWN,SkyWest Airlines,11.990783410138249
EWR,Alaska Airlines,-0.6031785448224485
EWR,Allegiant Air ,3.5972222222222223
EWR,American Airlines,3.2424874791318863
EWR,American Eagle Airlines,7.232198142414861
EWR,Atlantic Southeast Airlines,10.57958852192745
EWR,Comair,21.862068965517242
EWR,Delta Air Lines,5.333997825299021
EWR,Endeavor Air,16.29883138564274
EWR,JetBlue Airways,21.61321287408244
EWR,Republic Airways,3.7621215374704744
EWR,SkyWest Airlines,24.189012426422497
EWR,Southwest Airlines,10.04468462655267
EWR,Spirit Airlines,5.94005212858384
EWR,United Airlines,10.031008159120356
EWR,Virgin America,-4.596116504854369
EYW,American Eagle Airlines,56.888888888888886
EYW,Atlantic Southeast Airlines,10.038854805725972
EYW,Delta Air Lines,-0.01731996353691887
EYW,Endeavor Air,42.60655737704918
EYW,Republic Airways,1.8125
FAI,Alaska Airlines,-9.255051167672526
FAI,Delta Air Lines,0.8690702087286527
FAI,United Airlines,29.445945945945947
FAR,Allegiant Air ,4.181034482758621
FAR,American Eagle Airlines,6.454007884362681
FAR,Atlantic Southeast Airlines,16.6113074204947
FAR,Delta Air Lines,0.598159509202454
FAR,Endeavor Air,2.0521739130434784
FAR,Frontier Airlines,3.163265306122449
FAR,Republic Airways,14.80952380952381
FAR,SkyWest Airlines,5.663566518398706
FAT,Allegiant Air ,12.119284294234593
FAT,American Airlines,4.1988304093567255
FAT,Frontier Airlines,9.666666666666666
FAT,Mesa Airlines,11.1297192642788
FAT,SkyWest Airlines,7.105607363449194
FAT,United Airlines,-3.6043165467625897
FAY,American Eagle Airlines,2.429864253393665
FAY,Comair,3.7157387580299788
FAY,Delta Air Lines,5.871866295264624
FAY,Endeavor Air,13.095017381228274
FAY,SkyWest Airlines,17.85579196217494
FCA,Allegiant Air ,17.474025974025974
FCA,Delta Air Lines,-1.9745762711864407
FCA,Endeavor Air,-11.318181818181818
FCA,Republic Airways,-9.8
FCA,SkyWest Airlines,0.9507845934379457
FCA,United Airlines,8.357388316151203
FLG,Atlantic Southeast Airlines,-11.3
FLG,Mesa Airlines,12.1
FLG,SkyWest Airlines,0.23800195886385897
FLL,Alaska Airlines,1.7841409691629957
FLL,Allegiant Air ,15.920136518771331
FLL,American Airlines,1.9648320454187036
FLL,Delta Air Lines,1.3941500406247178
FLL,Endeavor Air,10.170212765957446
FLL,Frontier Airlines,30.58490566037736
FLL,JetBlue Airways,16.381013624854308
FLL,SkyWest Airlines,22.054347826086957
FLL,Southwest Airlines,4.017283055354121
FLL,Spirit Airlines,4.871233187673798
FLL,United Airlines,5.712833545108005
FLL,Virgin America,5.6452599388379205
FLO,American Eagle Airlines,8.882352941176471
FLO,Comair,5.246666666666667
FNT,Allegiant Air ,13.911184210526315
FNT,American Eagle Airlines,4.214566929133858
FNT,Atlantic Southeast Airlines,19.318181818181817
FNT,Delta Air Lines,-3.366167023554604
FNT,Endeavor Air,3.877906976744186
FNT,SkyWest Airlines,8.031506849315068
FNT,Southwest Airlines,-0.3699788583509514
FSD,Allegiant Air ,5.063291139240507
FSD,American Eagle Airlines,7.554924242424242
FSD,Atlantic Southeast Airlines,43.07185628742515
FSD,Delta Air Lines,-2.2590855803048067
FSD,Endeavor Air,2.0297029702970297
FSD,Frontier Airlines,8.97887323943662
FSD,Mesa Airlines,8.303413400758533
FSD,Republic Airways,20.63157894736842
FSD,SkyWest Airlines,13.647421093148576
FSD,United Airlines,10.344155844155845
FSM,American Eagle Airlines,3.553691275167785
FSM,Atlantic Southeast Airlines,4.240963855421687
FSM,Endeavor Air,14.382352941176471
FSM,Mesa Airlines,11.942379182156134
FSM,SkyWest Airlines,10.458923512747875
FWA,Allegiant Air ,9.837209302325581
FWA,American Eagle Airlines,-0.4031620553359684
FWA,Atlantic Southeast Airlines,-1.6153846153846154
FWA,Comair,3.8723849372384938
FWA,Mesa Airlines,5.525
FWA,SkyWest Airlines,9.224291812184712
GCC,SkyWest Airlines,5.478102189781022
GCK,American Eagle Airlines,2.1522048364153625
GEG,Alaska Airlines,5.314723926380368
GEG,American Airlines,-1.29229406554473
GEG,Delta Air Lines,-5.172413793103448
GEG,Frontier Airlines,25.15950920245399
GEG,SkyWest Airlines,3.8962585034013606
GEG,Southwest Airlines,-0.9908606245239908
GEG,United Airlines,-3.0155945419103314
GFK,Allegiant Air ,15.94811320754717
GFK,Endeavor Air,-6.245614035087719
GFK,SkyWest Airlines,-0.4353157572041692
GGG,American Eagle Airlines,4.69559585492228
GJT,Allegiant Air ,3.3333333333333335
GJT,American Eagle Airlines,-3.221442885771543
GJT,Republic Airways,15.731958762886597
GJT,SkyWest Airlines,-2.9769970723546635
GNV,American Eagle Airlines,4.36084142394822
GNV,Atlantic Southeast Airlines,8.5
GNV,Comair,7.007082152974505
GNV,Delta Air Lines,3.0634441087613293
GNV,Endeavor Air,5.475397426192279
GNV,SkyWest Airlines,18.19662058371736
GPT,Allegiant Air ,18.135922330097088
GPT,American Eagle Airlines,2.0
GPT,Atlantic Southeast Airlines,4.303230543318649
GPT,Comair,4.84570596797671
GPT,Delta Air Lines,-2.365762394761459
GPT,Endeavor Air,13.555555555555555
GPT,Mesa Airlines,8.090128755364807
GRB,American Eagle Airlines,2.1538461538461537
GRB,Atlantic Southeast Airlines,6.7648809523809526
GRB,Delta Air Lines,-4.7379310344827585
GRB,Endeavor Air,0.16987179487179488
GRB,SkyWest Airlines,7.169692478695813
GRI,Allegiant Air ,12.836363636363636
GRI,American Eagle Airlines,9.44758064516129
GRI,Atlantic Southeast Airlines,12.441295546558704
GRI,Mesa Airlines,4.909090909090909
GRK,American Eagle Airlines,6.835625
GRK,Atlantic Southeast Airlines,3.873054873054873
GRK,Endeavor Air,40.27777777777778
GRK,Mesa Airlines,30.055555555555557
GRK,SkyWest Airlines,10.411764705882353
GRR,Allegiant Air ,12.081556997219648
GRR,American Airlines,3.7869249394673123
GRR,American Eagle Airlines,3.5564044943820226
GRR,Atlantic Southeast Airlines,15.874184529356944
GRR,Comair,8.386666666666667
GRR,Delta Air Lines,-3.7603485838779958
GRR,Endeavor Air,3.222916666666667
GRR,Frontier Airlines,17.527383367139958
GRR,Mesa Airlines,5.647058823529412
GRR,Republic Airways,7.983393501805054
GRR,SkyWest Airlines,11.72844827586207
GRR,Southwest Airlines,1.9493293591654248
GRR,United Airlines,6.569230769230769
GSO,Allegiant Air ,20.545023696682463
GSO,American Airlines,-16.697674418604652
GSO,American Eagle Airlines,3.988420181968569
GSO,Atlantic Southeast Airlines,27.171224732461354
GSO,Comair,5.808954071786955
GSO,Delta Air Lines,-1.4480030143180105
GSO,Endeavor Air,6.640909090909091
GSO,Frontier Airlines,10.254901960784315
GSO,Mesa Airlines,25.8
GSO,Republic Airways,-0.2655038759689923
GSO,SkyWest Airlines,11.653631284916202
GSO,Spirit Airlines,10.112
GSP,Allegiant Air ,19.632241813602015
GSP,American Airlines,4.014388489208633
GSP,American Eagle Airlines,7.206036745406824
GSP,Atlantic Southeast Airlines,15.19278252611586
GSP,Comair,4.73312133072407
GSP,Delta Air Lines,-0.4949424485524939
GSP,Endeavor Air,-0.3216520650813517
GSP,Frontier Airlines,24.221238938053098
GSP,Mesa Airlines,3.451242829827916
GSP,Republic Airways,3.152112676056338
GSP,SkyWest Airlines,13.610837438423646
GSP,Southwest Airlines,3.671859785783836
GST,Alaska Airlines,-3.8536585365853657
GTF,Allegiant Air ,10.161434977578475
GTF,Delta Air Lines,-5.119047619047619
GTF,Endeavor Air,57.68421052631579
GTF,SkyWest Airlines,-1.4858459512837392
GTR,Endeavor Air,1.4685314685314685
GTR,SkyWest Airlines,5.075688073394495
GUC,American Airlines,2.8
GUC,American Eagle Airlines,65.0
GUC,Atlantic Southeast Airlines,6.6
GUC,Mesa Airlines,30.24137931034483
GUC,United Airlines,-10.647058823529411
GUM,United Airlines,2.0195121951219512
HDN,American Airlines,31.139705882352942
HDN,Atlantic Southeast Airlines,-2.660377358490566
HDN,Delta Air Lines,-4.153846153846154
HDN,JetBlue Airways,1.6923076923076923
HDN,SkyWest Airlines,5.9246753246753245
HDN,United Airlines,-3.218045112781955
HGR,Allegiant Air ,22.46268656716418
HHH,Republic Airways,5.558415841584158
HIB,SkyWest Airlines,-3.515447154471545
HLN,SkyWest Airlines,-2.685
HNL,Alaska Airlines,-0.5916919959473151
HNL,American Airlines,-5.2447698744769875
HNL,Delta Air Lines,-4.448765640852215
HNL,Hawaiian Airlines,0.1633052898467212
HNL,United Airlines,1.2191576593365636
HNL,Virgin America,4.396648044692737
HOB,Atlantic Southeast Airlines,2.9702380952380953
HOU,American Eagle Airlines,15.197860962566844
HOU,Atlantic Southeast Airlines,15.313253012048193
HOU,Delta Air Lines,1.1843735111958076
HOU,Endeavor Air,5.0
HOU,JetBlue Airways,19.31869688385269
HOU,Mesa Airlines,11.813064259160914
HOU,Republic Airways,1.1666666666666667
HOU,SkyWest Airlines,42.18666666666667
HOU,Southwest Airlines,6.644466361122392
HPN,American Eagle Airlines,4.4573170731707314
HPN,Atlantic Southeast Airlines,6.183510638297872
HPN,Comair,14.630945872061236
HPN,Delta Air Lines,2.3422131147540983
HPN,Endeavor Air,5.288753799392097
HPN,JetBlue Airways,14.401983816235969
HPN,SkyWest Airlines,11.003487358326067
HRL,Atlantic Southeast Airlines,3.10351966873706
HRL,Endeavor Air,39.065934065934066
HRL,Frontier Airlines,-15.692307692307692
HRL,Mesa Airlines,6.126491646778043
HRL,Republic Airways,5.778877887788779
HRL,SkyWest Airlines,12.712962962962964
HRL,Southwest Airlines,6.390243902439025
HSV,American Eagle Airlines,-3.1187739463601534
HSV,Atlantic Southeast Airlines,4.295214922952149
HSV,Comair,6.9131924614506
HSV,Delta Air Lines,-2.061780997017469
HSV,Endeavor Air,5.752688172043011
HSV,Frontier Airlines,14.8
HSV,Mesa Airlines,8.566137566137566
HSV,Republic Airways,-1.7224806201550387
HSV,SkyWest Airlines,6.414075286415712
HTS,Allegiant Air ,18.56422018348624
HTS,American Eagle Airlines,11.117647058823529
HTS,Comair,6.963855421686747
HVN,Comair,3.6612377850162865
HYA,JetBlue Airways,25.954545454545453
HYS,SkyWest Airlines,9.555028462998102
IAD,Alaska Airlines,-5.834754098360656
IAD,American Airlines,8.366558324304803
IAD,Atlantic Southeast Airlines,25.51644736842105
IAD,Comair,4.0898230088495575
IAD,Delta Air Lines,-3.3442622950819674
IAD,Endeavor Air,5.734920634920635
IAD,Frontier Airlines,14.80579964850615
IAD,JetBlue Airways,16.747006767308694
IAD,Mesa Airlines,7.276812985426303
IAD,Republic Airways,-4.97682119205298
IAD,SkyWest Airlines,6.923233350279614
IAD,Southwest Airlines,1.2475707646810308
IAD,United Airlines,5.228253606383397
IAD,Virgin America,-9.3202416918429
IAG,Allegiant Air ,10.79690949227373
IAG,Spirit Airlines,9.295652173913043
IAH,Alaska Airlines,2.5846422338568935
IAH,American Airlines,6.802078053725292
IAH,American Eagle Airlines,3.277542372881356
IAH,Atlantic Southeast Airlines,-0.3602279384353198
IAH,Delta Air Lines,5.548192771084337
IAH,Endeavor Air,2.7616926503340755
IAH,Frontier Airlines,-1.5874587458745875
IAH,Mesa Airlines,6.216342868300303
IAH,Republic Airways,-0.47826390830304727
IAH,SkyWest Airlines,11.047552229497974
IAH,Spirit Airlines,4.853801169590644
IAH,United Airlines,4.877623755871629
ICT,Allegiant Air ,13.950757575757576
ICT,American Airlines,10.791469194312796
ICT,American Eagle Airlines,0.014705882352941176
ICT,Atlantic Southeast Airlines,3.8811420982735725
ICT,Delta Air Lines,-0.2886100386100386
ICT,Frontier Airlines,3.0434782608695654
ICT,Mesa Airlines,10.75548060708263
ICT,Republic Airways,-0.2888015717092338
ICT,SkyWest Airlines,5.594078947368421
ICT,Southwest Airlines,-0.7045454545454546
ICT,United Airlines,2.4184615384615387
IDA,Allegiant Air ,20.249169435215947
IDA,SkyWest Airlines,-1.0441097364174288
IFP,SkyWest Airlines,6.933333333333334
ILM,American Airlines,-1.3200815494393476
ILM,American Eagle Airlines,6.65149833518313
ILM,Atlantic Southeast Airlines,-10.233333333333333
ILM,Comair,2.4516695957820738
ILM,Delta Air Lines,-5.132352941176471
ILM,Endeavor Air,2.213665943600868
ILM,Mesa Airlines,9.84
ILM,Republic Airways,-3.0742049469964665
ILM,SkyWest Airlines,15.105691056910569
IMT,SkyWest Airlines,2.4074650077760498
IND,Alaska Airlines,-9.289772727272727
IND,Allegiant Air ,17.728031145717463
IND,American Airlines,5.278312939338714
IND,American Eagle Airlines,6.565330363771344
IND,Atlantic Southeast Airlines,32.18079430942502
IND,Comair,14.94240460763139
IND,Delta Air Lines,-0.9164847161572053
IND,Endeavor Air,7.899410609037328
IND,Frontier Airlines,10.611990950226245
IND,Mesa Airlines,6.002181025081788
IND,Republic Airways,1.8904048110582532
IND,SkyWest Airlines,12.75
IND,Southwest Airlines,2.1123137124302724
IND,United Airlines,8.939861218195837
IND,Virgin America,2.0813953488372094
INL,SkyWest Airlines,-2.378716744913928
ISN,SkyWest Airlines,7.270787343635026
ISP,Frontier Airlines,21.047152480097978
ISP,Southwest Airlines,2.9617612977983776
ITH,Comair,6.5
ITH,SkyWest Airlines,7.364102564102564
ITO,Hawaiian Airlines,-1.8419979612640163
ITO,United Airlines,6.114649681528663
JAC,American Airlines,23.928709055876684
JAC,Atlantic Southeast Airlines,1.2527472527472527
JAC,Delta Air Lines,-2.0803212851405624
JAC,Frontier Airlines,24.145833333333332
JAC,SkyWest Airlines,11.221917808219178
JAC,United Airlines,5.670147954743255
JAN,American Eagle Airlines,9.461935483870969
JAN,Atlantic Southeast Airlines,1.9831460674157304
JAN,Comair,8.486238532110091
JAN,Delta Air Lines,0.1148235294117647
JAN,Endeavor Air,26.16216216216216
JAN,Frontier Airlines,5.680851063829787
JAN,Mesa Airlines,15.841044776119404
JAN,SkyWest Airlines,6.92
JAX,Allegiant Air ,18.564406779661017
JAX,American Airlines,2.056473829201102
JAX,American Eagle Airlines,3.92599171107164
JAX,Atlantic Southeast Airlines,48.13157894736842
JAX,Comair,2.600470035252644
JAX,Delta Air Lines,0.21437713310580206
JAX,Endeavor Air,5.143459915611814
JAX,Frontier Airlines,10.757213930348259
JAX,JetBlue Airways,11.15219638242894
JAX,Mesa Airlines,8.957971014492754
JAX,Republic Airways,3.3197999411591645
JAX,SkyWest Airlines,12.018214936247723
JAX,Southwest Airlines,1.451033417036894
JAX,Spirit Airlines,-13.416666666666666
JAX,United Airlines,7.817161186848436
JFK,Alaska Airlines,-4.604953715286465
JFK,American Airlines,-0.971810349879857
JFK,American Eagle Airlines,6.213322091062395
JFK,Comair,3.3043478260869565
JFK,Delta Air Lines,-1.4313831221353464
JFK,Endeavor Air,2.054729487638839
JFK,Hawaiian Airlines,-0.8027777777777778
JFK,JetBlue Airways,7.379456968430055
JFK,Republic Airways,-0.9096630877452795
JFK,SkyWest Airlines,22.948591549295774
JFK,Virgin America,-3.2953846153846156
JLN,American Eagle Airlines,8.290598290598291
JLN,Atlantic Southeast Airlines,20.302180685358255
JLN,SkyWest Airlines,16.660550458715598
JMS,SkyWest Airlines,7.544776119402985
JNU,Alaska Airlines,-3.9748649283533006
JNU,Delta Air Lines,-9.411764705882353
KOA,Alaska Airlines,-3.1441486690105473
KOA,American Airlines,-3.370919881305638
KOA,Delta Air Lines,10.529761904761905
KOA,Hawaiian Airlines,-2.9208625218914186
KOA,United Airlines,-5.77805239742956
KOA,Virgin America,13.693181818181818
KTN,Alaska Airlines,-2.016883116883117
KTN,SkyWest Airlines,18.920454545454547
LAN,American Eagle Airlines,1.4513677811550152
LAN,Atlantic Southeast Airlines,11.375
LAN,Endeavor Air,-15.88888888888889
LAN,Republic Airways,8.81578947368421
LAN,SkyWest Airlines,7.05564142194745
LAR,SkyWest Airlines,10.489465153970826
LAS,Alaska Airlines,2.216470258136925
LAS,Allegiant Air ,3.747494528280152
LAS,American Airlines,2.436754008051416
LAS,Delta Air Lines,-5.050333030578262
LAS,Frontier Airlines,12.715983190841907
LAS,Hawaiian Airlines,6.905945945945946
LAS,JetBlue Airways,7.541713514729031
LAS,SkyWest Airlines,6.141451831750339
LAS,Southwest Airlines,5.6397163900186875
LAS,Spirit Airlines,3.1593217963987947
LAS,United Airlines,4.558031991509362
LAS,Virgin America,-0.2600985221674877
LAW,American Eagle Airlines,-0.7889150943396226
LAW,Atlantic Southeast Airlines,21.700374531835205
LAW,SkyWest Airlines,8.88268156424581
LAX,Alaska Airlines,3.966954893429531
LAX,Allegiant Air ,10.212043561819346
LAX,American Airlines,0.9614360046804591
LAX,Delta Air Lines,-2.451613828718979
LAX,Frontier Airlines,10.754126846220677
LAX,Hawaiian Airlines,1.4174802417480241
LAX,JetBlue Airways,5.690292510446802
LAX,SkyWest Airlines,1.858539603960396
LAX,Southwest Airlines,4.046098107451018
LAX,Spirit Airlines,-0.36390995545925126
LAX,United Airlines,-0.35467739115229935
LAX,Virgin America,2.907376126126126
LBB,American Airlines,31.37719298245614
LBB,American Eagle Airlines,0.89453125
LBB,Atlantic Southeast Airlines,2.0690789473684212
LBB,Mesa Airlines,10.880304678998911
LBB,SkyWest Airlines,7.783861671469741
LBB,Southwest Airlines,3.7627324171382375
LBE,Spirit Airlines,-0.8167441860465117
LBF,SkyWest Airlines,-5.775800711743773
LBL,SkyWest Airlines,6.429090909090909
LCH,American Eagle Airlines,6.75
LCH,Atlantic Southeast Airlines,-2.6406091370558378
LCH,SkyWest Airlines,10.625
LCK,Allegiant Air ,17.67070895522388
LEX,Allegiant Air ,12.20162224797219
LEX,American Eagle Airlines,0.8570591681312244
LEX,Atlantic Southeast Airlines,16.16087880935507
LEX,Comair,2.7871008140262994
LEX,Delta Air Lines,0.0627177700348432
LEX,Endeavor Air,3.6054298642533937
LEX,Republic Airways,0.36789297658862874
LEX,SkyWest Airlines,8.896575821104124
LFT,American Eagle Airlines,2.345410628019324
LFT,Atlantic Southeast Airlines,1.98539435248296
LFT,Delta Air Lines,-0.04261363636363636
LFT,Endeavor Air,5.689119170984456
LFT,Frontier Airlines,12.425
LFT,Mesa Airlines,9.42266824085006
LFT,Republic Airways,1.7664399092970522
LFT,SkyWest Airlines,13.584722222222222
LGA,American Airlines,0.8917633631348678
LGA,American Eagle Airlines,5.907031584964985
LGA,Atlantic Southeast Airlines,10.47209576799865
LGA,Comair,15.126385809312639
LGA,Delta Air Lines,-1.0349914965986395
LGA,Endeavor Air,3.5114067000151583
LGA,Frontier Airlines,11.75506268081003
LGA,JetBlue Airways,4.758075370121131
LGA,Mesa Airlines,11.59225352112676
LGA,Republic Airways,3.2609307082587575
LGA,SkyWest Airlines,15.905158516926384
LGA,Southwest Airlines,2.9747232472324723
LGA,Spirit Airlines,7.880958515846431
LGA,United Airlines,5.724661973404849
LGB,Hawaiian Airlines,-8.806603773584905
LGB,JetBlue Airways,4.946639071357869
LGB,Mesa Airlines,6.260617760617761
LGB,SkyWest Airlines,-0.678326474622771
LGB,Southwest Airlines,-2.9356868227892345
LIH,Alaska Airlines,-2.894702842377261
LIH,American Airlines,0.7221727515583259
LIH,Delta Air Lines,2.1147540983606556
LIH,Hawaiian Airlines,0.08697538227957922
LIH,United Airlines,-1.7969135802469136
LIT,Allegiant Air ,22.452380952380953
LIT,American Airlines,28.5
LIT,American Eagle Airlines,2.517981888745149
LIT,Atlantic Southeast Airlines,3.93058568329718
LIT,Comair,0.8872246696035242
LIT,Delta Air Lines,-1.2052949372967952
LIT,Endeavor Air,13.125
LIT,Frontier Airlines,3.3248407643312103
LIT,Mesa Airlines,7.31219512195122
LIT,Republic Airways,-1.2325581395348837
LIT,SkyWest Airlines,7.244348762109795
LIT,Southwest Airlines,2.9226190476190474
LNK,Atlantic Southeast Airlines,37.945454545454545
LNK,Endeavor Air,12.314720812182742
LNK,Republic Airways,29.864406779661017
LNK,SkyWest Airlines,7.5927727588603195
LRD,Allegiant Air ,21.794392523364486
LRD,American Eagle Airlines,3.862857142857143
LRD,Atlantic Southeast Airlines,6.223839854413103
LRD,SkyWest Airlines,0.6585365853658537
LSE,American Eagle Airlines,12.49492385786802
LSE,SkyWest Airlines,2.8923900118906065
LWB,SkyWest Airlines,22.57706093189964
LWS,SkyWest Airlines,-11.431564245810057
LYH,Comair,9.470472440944881
MAF,American Eagle Airlines,5.1393034825870645
MAF,Atlantic Southeast Airlines,2.34
MAF,Mesa Airlines,10.227046263345196
MAF,Republic Airways,1.2199383350462487
MAF,SkyWest Airlines,8.477759472817134
MAF,Southwest Airlines,5.265116279069767
MAF,United Airlines,11.300518134715025
MBS,Endeavor Air,-3.7655913978494624
MBS,SkyWest Airlines,9.953548387096774
MCI,Alaska Airlines,-5.489966555183947
MCI,Allegiant Air ,6.6682577565632455
MCI,American Airlines,0.8861772745021476
MCI,American Eagle Airlines,1.6013745704467355
MCI,Atlantic Southeast Airlines,-3.746268656716418
MCI,Comair,1.01
MCI,Delta Air Lines,-3.601733447001989
MCI,Endeavor Air,7.130293159609121
MCI,Frontier Airlines,8.326717557251909
MCI,Mesa Airlines,2.5412311265969802
MCI,Republic Airways,0.795551348793185
MCI,SkyWest Airlines,5.632724943964137
MCI,Southwest Airlines,1.5978684075982224
MCI,Spirit Airlines,0.4509394572025052
MCI,United Airlines,4.043259557344064
MCO,Alaska Airlines,-1.4028031687995124
MCO,American Airlines,6.795971190636957
MCO,Atlantic Southeast Airlines,37.0
MCO,Delta Air Lines,3.1080669710806696
MCO,Endeavor Air,6.021367521367521
MCO,Frontier Airlines,16.20125550454418
MCO,JetBlue Airways,17.768411849413702
MCO,Republic Airways,2.3870967741935485
MCO,SkyWest Airlines,19.225806451612904
MCO,Southwest Airlines,3.91201107319285
MCO,Spirit Airlines,8.508796466691203
MCO,United Airlines,6.667485148514851
MCO,Virgin America,4.898876404494382
MDT,Allegiant Air ,15.631379962192817
MDT,American Airlines,-5.895833333333333
MDT,American Eagle Airlines,3.031304347826087
MDT,Atlantic Southeast Airlines,45.9375
MDT,Comair,2.4037122969837585
MDT,Delta Air Lines,-1.4406438631790746
MDT,Endeavor Air,-2.593220338983051
MDT,Frontier Airlines,27.723809523809525
MDT,Mesa Airlines,-12.681818181818182
MDT,Republic Airways,14.787037037037036
MDT,SkyWest Airlines,11.516050878255603
MDT,United Airlines,13.91864406779661
MDW,Atlantic Southeast Airlines,19.166666666666668
MDW,Delta Air Lines,0.2982873453853473
MDW,SkyWest Airlines,6.607102803738318
MDW,Southwest Airlines,8.099195341979659
MEI,SkyWest Airlines,15.11671335200747
MEM,Allegiant Air ,22.847058823529412
MEM,American Airlines,5.33786078098472
MEM,American Eagle Airlines,4.903421633554084
MEM,Atlantic Southeast Airlines,10.249537892791128
MEM,Comair,3.2170542635658914
MEM,Delta Air Lines,-1.121727455806668
MEM,Endeavor Air,1.6806833114323259
MEM,Frontier Airlines,19.93594306049822
MEM,Mesa Airlines,4.736407432897454
MEM,Republic Airways,-0.6748826291079812
MEM,SkyWest Airlines,8.89423984891407
MEM,Southwest Airlines,5.035189718482252
MEM,United Airlines,-0.5784883720930233
MFE,Allegiant Air ,17.355614973262032
MFE,American Airlines,12.273529411764706
MFE,American Eagle Airlines,4.125954198473282
MFE,Atlantic Southeast Airlines,2.8308977035490606
MFE,Mesa Airlines,9.590351248413034
MFE,Republic Airways,-11.125
MFE,United Airlines,-0.312210200927357
MFR,Allegiant Air ,28.96808510638298
MFR,SkyWest Airlines,9.863685932388222
MFR,United Airlines,10.019726858877087
MGM,American Eagle Airlines,5.7913669064748206
MGM,Comair,7.384
MGM,Endeavor Air,5.035509736540664
MGM,Mesa Airlines,0.012422360248447204
MGM,SkyWest Airlines,9.451106352605281
MHK,American Eagle Airlines,3.10369206598586
MHK,Atlantic Southeast Airlines,6.679292929292929
MHK,SkyWest Airlines,12.572815533980583
MHT,American Airlines,0.9384615384615385
MHT,Atlantic Southeast Airlines,13.416901408450704
MHT,Comair,-1.407702523240372
MHT,Delta Air Lines,-5.287081339712919
MHT,Endeavor Air,-4.145496535796767
MHT,Republic Airways,-1.993688007213706
MHT,SkyWest Airlines,19.018556701030928
MHT,Southwest Airlines,-2.0651003426333823
MIA,American Airlines,9.090360369304081
MIA,American Eagle Airlines,1.4632999386628502
MIA,Delta Air Lines,4.338043841103817
MIA,Endeavor Air,15.863636363636363
MIA,Frontier Airlines,7.424155695477962
MIA,Mesa Airlines,20.294117647058822
MIA,Republic Airways,-2.6386073159982373
MIA,United Airlines,11.306766575840145
MKE,Alaska Airlines,-13.847457627118644
MKE,Allegiant Air ,7.811320754716981
MKE,American Airlines,3.517435320584927
MKE,American Eagle Airlines,-2.433734939759036
MKE,Atlantic Southeast Airlines,13.016616314199396
MKE,Comair,6.431633407243163
MKE,Delta Air Lines,-3.0157601383817028
MKE,Endeavor Air,6.891411648568608
MKE,Frontier Airlines,12.19510582010582
MKE,Mesa Airlines,8.829457364341085
MKE,Republic Airways,6.645535105657805
MKE,SkyWest Airlines,13.28139151914368
MKE,Southwest Airlines,-0.23912505158893932
MKE,United Airlines,-6.763313609467455
MKG,SkyWest Airlines,3.322058823529412
MLB,American Airlines,1.2967032967032968
MLB,American Eagle Airlines,-0.9411764705882353
MLB,Comair,4.644117647058824
MLB,Delta Air Lines,-0.41958495460440987
MLB,Endeavor Air,57.0
MLI,Allegiant Air ,5.591752577319587
MLI,American Eagle Airlines,4.628795298726739
MLI,Atlantic Southeast Airlines,8.030940594059405
MLI,Endeavor Air,9.152173913043478
MLI,Mesa Airlines,8.296650717703349
MLI,Republic Airways,8.842105263157896
MLI,SkyWest Airlines,9.435867672663958
MLU,American Eagle Airlines,-2.533333333333333
MLU,Atlantic Southeast Airlines,4.129781420765028
MLU,SkyWest Airlines,12.457274826789838
MMH,SkyWest Airlines,35.56296296296296
MOB,Atlantic Southeast Airlines,1.7898406374501992
MOB,Comair,13.048053024026512
MOB,Delta Air Lines,-2.505780346820809
MOB,Endeavor Air,6.501312335958005
MOB,Mesa Airlines,10.1414686825054
MOB,SkyWest Airlines,10.432914738929279
MOT,Allegiant Air ,6.6
MOT,Endeavor Air,-9.644144144144144
MOT,SkyWest Airlines,5.953476738369185
MQT,American Eagle Airlines,17.979310344827585
MQT,SkyWest Airlines,13.080232558139535
MRY,Allegiant Air ,15.38679245283019
MRY,Mesa Airlines,9.19287211740042
MRY,SkyWest Airlines,8.667265540783328
MSN,American Eagle Airlines,2.2866786678667865
MSN,Atlantic Southeast Airlines,18.679411764705883
MSN,Comair,2.7592752372735116
MSN,Delta Air Lines,-4.936276551436901
MSN,Endeavor Air,5.166276346604215
MSN,Frontier Airlines,10.260692464358453
MSN,Republic Airways,6.836139169472503
MSN,SkyWest Airlines,6.626116071428571
MSN,United Airlines,4.890301003344482
MSO,Allegiant Air ,5.617363344051447
MSO,American Eagle Airlines,8.89010989010989
MSO,Delta Air Lines,-4.411764705882353
MSO,Frontier Airlines,11.19811320754717
MSO,SkyWest Airlines,3.643177450352338
MSO,United Airlines,0.639225181598063
MSP,Alaska Airlines,-3.8413597733711047
MSP,American Airlines,5.2701206529453515
MSP,American Eagle Airlines,4.543147208121828
MSP,Atlantic Southeast Airlines,22.28526148969889
MSP,Comair,11.988636363636363
MSP,Delta Air Lines,-2.4892910964638544
MSP,Endeavor Air,0.6302230878186968
MSP,Frontier Airlines,11.936064556176287
MSP,JetBlue Airways,8.575539568345324
MSP,Mesa Airlines,3.0385985748218527
MSP,Republic Airways,5.093893893893894
MSP,SkyWest Airlines,3.8871474023616837
MSP,Southwest Airlines,2.5933532486930546
MSP,Spirit Airlines,4.336223506743738
MSP,United Airlines,7.86850326611758
MSY,Alaska Airlines,-0.4889937106918239
MSY,Allegiant Air ,12.69927536231884
MSY,American Airlines,3.658284236240839
MSY,American Eagle Airlines,1.2374581939799332
MSY,Atlantic Southeast Airlines,21.2
MSY,Comair,10.049382716049383
MSY,Delta Air Lines,1.1931743312689418
MSY,Endeavor Air,10.405502392344498
MSY,Frontier Airlines,14.301809210526315
MSY,JetBlue Airways,14.565340909090908
MSY,Mesa Airlines,4.139344262295082
MSY,Republic Airways,-1.1795275590551182
MSY,SkyWest Airlines,13.142857142857142
MSY,Southwest Airlines,5.706860706860707
MSY,Spirit Airlines,7.588895017466446
MSY,United Airlines,6.24961505560308
MSY,Virgin America,13.066666666666666
MTJ,Allegiant Air ,19.033333333333335
MTJ,American Airlines,7.923076923076923
MTJ,American Eagle Airlines,9.604166666666666
MTJ,Atlantic Southeast Airlines,-16.27536231884058
MTJ,Delta Air Lines,-14.69767441860465
MTJ,Mesa Airlines,6.505434782608695
MTJ,SkyWest Airlines,9.173996175908222
MTJ,United Airlines,-15.380952380952381
MVY,Endeavor Air,18.023529411764706
MVY,JetBlue Airways,23.214814814814815
MVY,Republic Airways,9.752
MYR,Allegiant Air ,12.408247422680413
MYR,American Airlines,-9.852173913043478
MYR,American Eagle Airlines,-6.848484848484849
MYR,Atlantic Southeast Airlines,16.244444444444444
MYR,Comair,0.8208115709120128
MYR,Delta Air Lines,0.8819444444444444
MYR,Endeavor Air,0.3711340206185567
MYR,Frontier Airlines,11.604095563139932
MYR,Mesa Airlines,-17.0
MYR,Republic Airways,-2.14804469273743
MYR,SkyWest Airlines,-4.433962264150943
MYR,Spirit Airlines,7.939019279128248
MYR,United Airlines,26.717171717171716
OAJ,Atlantic Southeast Airlines,9.590909090909092
OAJ,Comair,4.7225501770956315
OAJ,Endeavor Air,1.008225616921269
OAJ,SkyWest Airlines,26.297794117647058
OAK,Alaska Airlines,-3.452660406885759
OAK,Allegiant Air ,17.28107502799552
OAK,American Airlines,4.163079470198675
OAK,Delta Air Lines,-0.1601005867560771
OAK,Hawaiian Airlines,8.470324748040314
OAK,JetBlue Airways,4.317955112219451
OAK,Mesa Airlines,9.198135198135198
OAK,SkyWest Airlines,-3.112676056338028
OAK,Southwest Airlines,3.5152396230198515
OAK,Spirit Airlines,5.7181947405828
OGD,Allegiant Air ,16.288
OGG,Alaska Airlines,-3.5102100350058345
OGG,American Airlines,-6.486908358509567
OGG,Delta Air Lines,0.29632721202003337
OGG,Hawaiian Airlines,2.2963630511747666
OGG,United Airlines,0.016019086571233812
OGG,Virgin America,0.22727272727272727
OGS,Allegiant Air ,6.744
OKC,Allegiant Air ,13.903314917127071
OKC,American Airlines,3.094838994265549
OKC,American Eagle Airlines,8.577476038338657
OKC,Atlantic Southeast Airlines,5.229241877256317
OKC,Comair,1.0519031141868511
OKC,Delta Air Lines,-3.3531202435312024
OKC,Frontier Airlines,10.5564681724846
OKC,Mesa Airlines,7.576416102600641
OKC,Republic Airways,-0.08980582524271845
OKC,SkyWest Airlines,4.6832404629232744
OKC,Southwest Airlines,3.7854460093896716
OKC,United Airlines,3.421828908554572
OMA,Alaska Airlines,0.9696969696969697
OMA,Allegiant Air ,15.384615384615385
OMA,American Airlines,3.9489427539969055
OMA,American Eagle Airlines,6.661835748792271
OMA,Atlantic Southeast Airlines,11.294784580498867
OMA,Comair,2.8047752808988764
OMA,Delta Air Lines,-1.5576599326599327
OMA,Endeavor Air,0.7050359712230215
OMA,Frontier Airlines,9.34076015727392
OMA,Mesa Airlines,2.955263157894737
OMA,Republic Airways,4.869458128078818
OMA,SkyWest Airlines,1.2889235569422777
OMA,Southwest Airlines,2.246297627606039
OMA,United Airlines,1.4769807280513918
OME,Alaska Airlines,-5.46656976744186
ONT,Alaska Airlines,-0.8666666666666667
ONT,American Airlines,-1.4791516894320633
ONT,Delta Air Lines,-10.574712643678161
ONT,Frontier Airlines,5.092707045735476
ONT,JetBlue Airways,-7.589743589743589
ONT,Mesa Airlines,7.074127906976744
ONT,SkyWest Airlines,7.708093594169544
ONT,Southwest Airlines,3.1059203261700503
ONT,United Airlines,-2.700943396226415
ORD,Alaska Airlines,4.497130102040816
ORD,American Airlines,10.802100652257321
ORD,American Eagle Airlines,7.345411909693101
ORD,Atlantic Southeast Airlines,12.984772117962466
ORD,Comair,16.18426013195099
ORD,Delta Air Lines,9.114420905473708
ORD,Endeavor Air,12.616666666666667
ORD,Frontier Airlines,20.975231053604436
ORD,JetBlue Airways,27.8316511909568
ORD,Republic Airways,5.434909686093412
ORD,SkyWest Airlines,14.552036263799119
ORD,Spirit Airlines,8.88519313304721
ORD,United Airlines,8.770951546688282
ORD,Virgin America,5.220095693779904
ORF,Allegiant Air ,19.9435736677116
ORF,American Airlines,1.4877598152424942
ORF,American Eagle Airlines,5.796226415094339
ORF,Atlantic Southeast Airlines,23.20757363253857
ORF,Comair,7.472237960339943
ORF,Delta Air Lines,3.8710462287104623
ORF,Endeavor Air,12.689930934205744
ORF,Frontier Airlines,15.497041420118343
ORF,Mesa Airlines,11.27159209157128
ORF,Republic Airways,3.0900243309002433
ORF,SkyWest Airlines,3.7568667344862665
ORF,Southwest Airlines,3.3504180298073427
ORF,United Airlines,7.4249757986447245
ORH,JetBlue Airways,19.097826086956523
OTH,SkyWest Airlines,26.01685393258427
OTZ,Alaska Airlines,-3.183673469387755
OWB,Allegiant Air ,24.934579439252335
PAH,SkyWest Airlines,9.809104258443465
PBG,Allegiant Air ,11.997907949790795
PBG,SkyWest Airlines,-3.9272727272727272
PBG,Spirit Airlines,7.386831275720165
PBI,American Airlines,-0.566025641025641
PBI,American Eagle Airlines,14.476683937823834
PBI,Delta Air Lines,2.656186612576065
PBI,Endeavor Air,21.96031746031746
PBI,Frontier Airlines,20.35564053537285
PBI,JetBlue Airways,15.486901296639322
PBI,Mesa Airlines,4.0
PBI,Republic Airways,-3.1898305084745764
PBI,SkyWest Airlines,55.458333333333336
PBI,Southwest Airlines,1.074938574938575
PBI,Spirit Airlines,3.2547619047619047
PBI,United Airlines,17.58863733447245
PDX,Alaska Airlines,-2.815519688765049
PDX,American Airlines,3.9294060370009736
PDX,Delta Air Lines,-4.621851003637343
PDX,Frontier Airlines,6.072307692307692
PDX,Hawaiian Airlines,17.019801980198018
PDX,JetBlue Airways,4.05332239540607
PDX,Mesa Airlines,-6.565217391304348
PDX,SkyWest Airlines,0.6541412243619853
PDX,Southwest Airlines,2.1191820435141833
PDX,Spirit Airlines,-0.4674698795180723
PDX,United Airlines,1.2523072747014115
PDX,Virgin America,4.946043165467626
PGD,Allegiant Air ,6.27053605861936
PGV,Comair,12.075702075702075
PHF,Atlantic Southeast Airlines,6.4153577661431065
PHF,Comair,7.036451169188446
PHF,Delta Air Lines,1.9894736842105263
PHF,Endeavor Air,20.03734439834025
PHF,Republic Airways,-0.5
PHL,Alaska Airlines,-9.781947261663285
PHL,American Airlines,5.747761711500418
PHL,American Eagle Airlines,11.66579634464752
PHL,Atlantic Southeast Airlines,-17.0
PHL,Comair,11.992291579388354
PHL,Delta Air Lines,-0.5058050717995722
PHL,Endeavor Air,12.771428571428572
PHL,Frontier Airlines,19.23206943809959
PHL,JetBlue Airways,13.867605633802818
PHL,Mesa Airlines,9.186128803963198
PHL,Republic Airways,2.0617214678487263
PHL,SkyWest Airlines,13.979423868312757
PHL,Southwest Airlines,4.039646017699115
PHL,Spirit Airlines,2.998075072184793
PHL,United Airlines,4.938700147710487
PHL,Virgin America,-4.308641975308642
PHX,Alaska Airlines,-1.4407476635514018
PHX,American Airlines,3.0549226139294925
PHX,Delta Air Lines,-4.595038118619977
PHX,Frontier Airlines,5.441749881122206
PHX,Hawaiian Airlines,8.958448753462603
PHX,JetBlue Airways,13.381284916201118
PHX,Mesa Airlines,11.35664068104644
PHX,SkyWest Airlines,1.1983484861122695
PHX,Southwest Airlines,4.907192086272602
PHX,Spirit Airlines,2.070464767616192
PHX,United Airlines,1.3690835190769635
PIA,Allegiant Air ,4.913669064748201
PIA,American Eagle Airlines,2.903323262839879
PIA,Atlantic Southeast Airlines,7.52808988764045
PIA,Comair,5.672992700729927
PIA,Endeavor Air,14.08994708994709
PIA,Mesa Airlines,13.097841726618705
PIA,SkyWest Airlines,6.919758812615956
PIB,SkyWest Airlines,9.935211267605634
PIE,Allegiant Air ,3.3179673810486587
PIH,SkyWest Airlines,-5.684964200477327
PIT,Alaska Airlines,17.6
PIT,Allegiant Air ,9.518166089965398
PIT,American Airlines,1.7685604156192392
PIT,American Eagle Airlines,6.617912029676735
PIT,Atlantic Southeast Airlines,20.50793650793651
PIT,Comair,4.973702422145329
PIT,Delta Air Lines,-1.174356359928626
PIT,Endeavor Air,5.7000567536889895
PIT,Frontier Airlines,20.422131147540984
PIT,JetBlue Airways,6.881085738905644
PIT,Mesa Airlines,5.5761078998073215
PIT,Republic Airways,1.8844398069649146
PIT,SkyWest Airlines,11.177011494252874
PIT,Southwest Airlines,1.9304602341542187
PIT,Spirit Airlines,1.8481308411214954
PIT,United Airlines,6.4916827852998065
PLN,SkyWest Airlines,3.595528455284553
PNS,American Airlines,2.886178861788618
PNS,American Eagle Airlines,0.1045346062052506
PNS,Atlantic Southeast Airlines,3.663114754098361
PNS,Comair,3.6399317406143346
PNS,Delta Air Lines,0.6169429097605893
PNS,Frontier Airlines,21.446428571428573
PNS,Mesa Airlines,3.8243774574049803
PNS,Republic Airways,6.756302521008403
PNS,SkyWest Airlines,17.481203007518797
PNS,Southwest Airlines,3.053291536050157
PNS,United Airlines,39.27272727272727
PPG,Hawaiian Airlines,47.868852459016395
PRC,SkyWest Airlines,14.659574468085106
PSC,Allegiant Air ,20.49809885931559
PSC,Delta Air Lines,-5.810975609756097
PSC,SkyWest Airlines,-0.30559006211180123
PSE,JetBlue Airways,2.7750642673521853
PSG,Alaska Airlines,-5.654978962131837
PSM,Allegiant Air ,18.744755244755243
PSM,Frontier Airlines,1.7272727272727273
PSP,Alaska Airlines,2.3541001064962725
PSP,Allegiant Air ,-2.581818181818182
PSP,American Airlines,2.822429906542056
PSP,Delta Air Lines,-4.098290598290598
PSP,Frontier Airlines,9.808823529411764
PSP,JetBlue Airways,1.9252873563218391
PSP,Mesa Airlines,2.5594594594594593
PSP,SkyWest Airlines,3.4962194858500757
PSP,United Airlines,3.5172093023255813
PSP,Virgin America,6.342465753424658
PUB,SkyWest Airlines,12.88116591928251
PVD,Allegiant Air ,12.761316872427983
PVD,American Airlines,-2.0063492063492063
PVD,American Eagle Airlines,5.49388379204893
PVD,Atlantic Southeast Airlines,12.235142118863049
PVD,Comair,5.47845142439737
PVD,Delta Air Lines,-3.3347578347578346
PVD,Endeavor Air,-4.796116504854369
PVD,Frontier Airlines,17.884648742411102
PVD,JetBlue Airways,12.902763561924258
PVD,Mesa Airlines,5.476744186046512
PVD,Republic Airways,4.800935203740815
PVD,SkyWest Airlines,6.341603053435114
PVD,Southwest Airlines,-0.2667269439421338
PVD,United Airlines,-6.109375
PVU,Allegiant Air ,10.866419294990724
PWM,American Airlines,0.23422644770959378
PWM,American Eagle Airlines,3.3161004431314622
PWM,Atlantic Southeast Airlines,29.715302491103202
PWM,Comair,5.362410071942446
PWM,Delta Air Lines,1.8810160427807487
PWM,Endeavor Air,8.653865588681152
PWM,Frontier Airlines,16.427272727272726
PWM,JetBlue Airways,7.700609225413403
PWM,Mesa Airlines,6.576036866359447
PWM,Republic Airways,1.2492522432701894
PWM,SkyWest Airlines,10.273084479371317
PWM,Southwest Airlines,3.253852392538524
PWM,United Airlines,4.502040816326531
RAP,Allegiant Air ,15.16117216117216
RAP,American Eagle Airlines,-1.3611111111111112
RAP,Atlantic Southeast Airlines,7.090909090909091
RAP,Comair,15.133333333333333
RAP,Delta Air Lines,-6.090909090909091
RAP,Endeavor Air,-4.421052631578948
RAP,Mesa Airlines,12.426512968299711
RAP,Republic Airways,21.181818181818183
RAP,SkyWest Airlines,6.647743300423131
RDD,SkyWest Airlines,9.09691629955947
RDM,Alaska Airlines,1.775
RDM,SkyWest Airlines,7.0774569683509165
RDU,Alaska Airlines,0.8089171974522293
RDU,Allegiant Air ,25.4020618556701
RDU,American Airlines,4.260967741935484
RDU,American Eagle Airlines,9.717017208413003
RDU,Atlantic Southeast Airlines,35.178137651821864
RDU,Comair,6.503875968992248
RDU,Delta Air Lines,4.781984766530522
RDU,Endeavor Air,11.709119774210619
RDU,Frontier Airlines,20.16138448707256
RDU,JetBlue Airways,16.515179392824287
RDU,Mesa Airlines,5.092373791621912
RDU,Republic Airways,8.29525942515864
RDU,SkyWest Airlines,30.350814461660708
RDU,Southwest Airlines,4.441016333938294
RDU,United Airlines,8.350528815022663
RDU,Virgin America,-16.60674157303371
RFD,Allegiant Air ,7.078078078078078
RHI,SkyWest Airlines,2.319268635724332
RIC,Allegiant Air ,32.18959107806691
RIC,American Airlines,3.6203071672354947
RIC,American Eagle Airlines,7.417959567465914
RIC,Atlantic Southeast Airlines,18.185195376995047
RIC,Comair,3.113874345549738
RIC,Delta Air Lines,-1.4964341085271318
RIC,Endeavor Air,9.228454869964304
RIC,JetBlue Airways,11.365370231862379
RIC,Mesa Airlines,11.030150753768844
RIC,Republic Airways,-0.2784653465346535
RIC,SkyWest Airlines,11.043895747599452
RIC,Southwest Airlines,1.001953125
RIC,Spirit Airlines,5.211072664359862
RIC,United Airlines,2.8020833333333335
RKS,SkyWest Airlines,3.711738484398217
RNO,Allegiant Air ,17.13377926421405
RNO,American Airlines,5.1722516166960615
RNO,Delta Air Lines,-1.592071611253197
RNO,Frontier Airlines,19.77310924369748
RNO,JetBlue Airways,0.8444790046656299
RNO,Mesa Airlines,0.20405982905982906
RNO,SkyWest Airlines,8.014325207338528
RNO,Southwest Airlines,3.100503144654088
RNO,United Airlines,0.3228511530398323
ROA,Allegiant Air ,9.96694214876033
ROA,American Eagle Airlines,11.486486486486486
ROA,Atlantic Southeast Airlines,15.325581395348838
ROA,Comair,4.235294117647059
ROA,Delta Air Lines,6.810958904109589
ROA,Endeavor Air,2.7701149425287355
ROA,SkyWest Airlines,18.328795811518326
ROC,Allegiant Air ,15.63978494623656
ROC,American Eagle Airlines,6.430812324929972
ROC,Atlantic Southeast Airlines,23.129133858267718
ROC,Comair,2.317140238313474
ROC,Delta Air Lines,-2.571545380212592
ROC,Endeavor Air,1.1142511102139685
ROC,JetBlue Airways,6.28822984244671
ROC,Mesa Airlines,0.059322033898305086
ROC,Republic Airways,2.632413388138579
ROC,SkyWest Airlines,12.15548780487805
ROC,Southwest Airlines,2.286606129398411
ROC,United Airlines,8.333010648596321
ROW,American Eagle Airlines,9.212355212355213
ROW,Atlantic Southeast Airlines,6.670833333333333
ROW,Mesa Airlines,-12.0
ROW,SkyWest Airlines,0.3975694444444444
RST,American Eagle Airlines,0.5722379603399433
RST,Atlantic Southeast Airlines,7.395644283121597
RST,Endeavor Air,0.4144144144144144
RST,SkyWest Airlines,12.930507639231148
RSW,American Airlines,1.371317512274959
RSW,Comair,3.425531914893617
RSW,Delta Air Lines,-3.4073948439620083
RSW,Endeavor Air,13.60539629005059
RSW,Frontier Airlines,8.09727626459144
RSW,JetBlue Airways,16.084227910817507
RSW,Mesa Airlines,31.25
RSW,Republic Airways,6.539170506912442
RSW,SkyWest Airlines,11.461538461538462
RSW,Southwest Airlines,1.101531728665208
RSW,Spirit Airlines,1.4826717076244487
RSW,United Airlines,7.181393797932644
SAF,Atlantic Southeast Airlines,1.3978819969742813
SAF,SkyWest Airlines,6.135097493036212
SAN,Alaska Airlines,2.0507191521574564
SAN,Allegiant Air ,12.96774193548387
SAN,American Airlines,3.5432405006201377
SAN,Delta Air Lines,-2.7088751420275217
SAN,Frontier Airlines,13.53916449086162
SAN,Hawaiian Airlines,3.7589134125636674
SAN,JetBlue Airways,8.659691629955947
SAN,SkyWest Airlines,0.3718185550082102
SAN,Southwest Airlines,5.155534426749069
SAN,Spirit Airlines,8.695
SAN,United Airlines,3.261601760597072
SAN,Virgin America,8.237687366167023
SAT,Alaska Airlines,-3.4751381215469612
SAT,Allegiant Air ,19.937853107344633
SAT,American Airlines,3.8329741379310347
SAT,American Eagle Airlines,10.037037037037036
SAT,Atlantic Southeast Airlines,-14.333333333333334
SAT,Comair,6.747663551401869
SAT,Delta Air Lines,-2.1309776833156215
SAT,Endeavor Air,1.9141630901287554
SAT,Frontier Airlines,14.756530310497782
SAT,Mesa Airlines,7.838862559241706
SAT,Republic Airways,13.752808988764045
SAT,SkyWest Airlines,5.673581213307241
SAT,Southwest Airlines,3.1215117689881096
SAT,United Airlines,0.5038040893961008
SAV,Allegiant Air ,11.348279457768509
SAV,American Airlines,4.378899082568807
SAV,American Eagle Airlines,1.1981707317073171
SAV,Atlantic Southeast Airlines,19.2753807106599
SAV,Comair,4.342157138834131
SAV,Delta Air Lines,-0.0846286701208981
SAV,Endeavor Air,3.3918690005646526
SAV,Frontier Airlines,31.275862068965516
SAV,JetBlue Airways,9.581849024597116
SAV,Mesa Airlines,11.143953934740884
SAV,Republic Airways,9.841163310961969
SAV,SkyWest Airlines,34.67219917012448
SAV,United Airlines,14.255225522552255
SBA,Alaska Airlines,-3.1263736263736264
SBA,American Airlines,5.076923076923077
SBA,Frontier Airlines,-1.3214285714285714
SBA,Mesa Airlines,1.3610421836228288
SBA,SkyWest Airlines,8.139693356047701
SBA,United Airlines,1.98
SBN,Allegiant Air ,1.9727272727272727
SBN,Atlantic Southeast Airlines,14.829883570504528
SBN,Delta Air Lines,0.0
SBN,Endeavor Air,-8.820224719101123
SBN,SkyWest Airlines,6.626470588235295
SBP,Mesa Airlines,9.22149302707137
SBP,SkyWest Airlines,8.571952595936795
SCC,Alaska Airlines,-10.150219298245615
SCE,Atlantic Southeast Airlines,-18.0
SCE,SkyWest Airlines,5.077961019490255
SCK,Allegiant Air ,23.023004059539918
SDF,Allegiant Air ,13.565121412803531
SDF,American Airlines,35.592592592592595
SDF,American Eagle Airlines,5.475318471337579
SDF,Atlantic Southeast Airlines,18.02004716981132
SDF,Comair,5.455892731122089
SDF,Delta Air Lines,-1.003559985760057
SDF,Endeavor Air,8.986301369863014
SDF,Frontier Airlines,17.15568862275449
SDF,Mesa Airlines,22.406019007391762
SDF,Republic Airways,2.224742268041237
SDF,SkyWest Airlines,16.223963133640552
SDF,Southwest Airlines,2.2124885635864593
SDF,United Airlines,19.384615384615383
SEA,Alaska Airlines,-0.9018264840182648
SEA,American Airlines,2.6129487934078868
SEA,Delta Air Lines,-1.6548246274273672
SEA,Frontier Airlines,10.95758354755784
SEA,Hawaiian Airlines,11.897470039946738
SEA,JetBlue Airways,10.642439024390244
SEA,SkyWest Airlines,2.0022522522522523
SEA,Southwest Airlines,2.4732836787564767
SEA,Spirit Airlines,7.916135360470819
SEA,United Airlines,5.190230853066482
SEA,Virgin America,6.109090909090909
SFB,Allegiant Air ,7.074370588854946
SFO,Alaska Airlines,8.773904716303567
SFO,American Airlines,4.035274567565526
SFO,Delta Air Lines,-0.12530292230933712
SFO,Frontier Airlines,19.198250728862973
SFO,Hawaiian Airlines,12.100271002710027
SFO,JetBlue Airways,9.698265498883737
SFO,SkyWest Airlines,7.848607724153576
SFO,Southwest Airlines,9.81716785802317
SFO,United Airlines,6.392244605992048
SFO,Virgin America,1.260032102728732
SGF,Allegiant Air ,13.282663316582914
SGF,American Eagle Airlines,9.26720995067553
SGF,Atlantic Southeast Airlines,10.608291636883488
SGF,Endeavor Air,7.322085889570552
SGF,SkyWest Airlines,12.16647791619479
SGU,Allegiant Air ,6.875
SGU,SkyWest Airlines,-0.5624806201550387
SHD,SkyWest Airlines,14.688958009331259
SHV,Allegiant Air ,17.65068493150685
SHV,American Eagle Airlines,5.311340206185567
SHV,Atlantic Southeast Airlines,3.6326434619002823
SHV,Comair,6.484057971014493
SHV,Endeavor Air,1.1765980498374864
SHV,Mesa Airlines,7.035830618892508
SHV,SkyWest Airlines,10.087175792507205
SIT,Alaska Airlines,-4.047029702970297
SIT,SkyWest Airlines,-1.188118811881188
SJC,Alaska Airlines,1.0505523310241527
SJC,American Airlines,3.230610667353775
SJC,Delta Air Lines,-4.039020222158929
SJC,Frontier Airlines,23.130202774813235
SJC,Hawaiian Airlines,12.116504854368932
SJC,JetBlue Airways,7.3225265511458915
SJC,Mesa Airlines,-7.75
SJC,SkyWest Airlines,-0.8273471959672338
SJC,Southwest Airlines,5.631112014086415
SJC,United Airlines,0.6981613891726252
SJT,American Eagle Airlines,1.417921146953405
SJU,Allegiant Air ,35.20134228187919
SJU,American Airlines,1.9740202553940995
SJU,Delta Air Lines,-5.9598906107566085
SJU,Frontier Airlines,15.243536280233528
SJU,JetBlue Airways,11.854646113764655
SJU,Southwest Airlines,0.9836863890917945
SJU,Spirit Airlines,0.8173836698858647
SJU,United Airlines,4.937062937062937
SLC,Alaska Airlines,0.6473891072431218
SLC,American Airlines,2.7580815550390874
SLC,Atlantic Southeast Airlines,46.77777777777778
SLC,Delta Air Lines,-2.1027170609819237
SLC,Frontier Airlines,6.816091954022989
SLC,JetBlue Airways,9.981613508442777
SLC,Mesa Airlines,-1.0258175559380378
SLC,Republic Airways,5.452830188679245
SLC,SkyWest Airlines,-0.24554657277212816
SLC,Southwest Airlines,2.5160312356453836
SLC,United Airlines,6.142857142857143
SLN,SkyWest Airlines,25.258208955223882
SMF,Alaska Airlines,-1.2230843840931134
SMF,American Airlines,1.6005489021956087
SMF,Delta Air Lines,-3.6652994257588185
SMF,Frontier Airlines,13.817460317460318
SMF,Hawaiian Airlines,4.440111420612813
SMF,JetBlue Airways,3.513911620294599
SMF,Mesa Airlines,-1.5256410256410255
SMF,SkyWest Airlines,6.690861226024821
SMF,Southwest Airlines,2.006083732315778
SMF,United Airlines,-1.478142900211034
SMX,Allegiant Air ,12.770588235294118
SNA,Alaska Airlines,-3.450889592980746
SNA,American Airlines,2.9525373624568894
SNA,Delta Air Lines,1.6997601918465228
SNA,Frontier Airlines,8.08228730822873
SNA,SkyWest Airlines,5.582654402102497
SNA,Southwest Airlines,2.5984733787534697
SNA,United Airlines,2.4558391337973706
SPI,Allegiant Air ,14.294117647058824
SPI,American Eagle Airlines,5.430534351145038
SPI,SkyWest Airlines,15.544897959183674
SPN,United Airlines,3.292
SPS,American Eagle Airlines,-0.5515210991167812
SRQ,Allegiant Air ,19.076923076923077
SRQ,American Airlines,2.92
SRQ,American Eagle Airlines,-0.3076923076923077
SRQ,Comair,2.271349862258953
SRQ,Delta Air Lines,1.975020145044319
SRQ,Endeavor Air,28.04375
SRQ,Frontier Airlines,-0.5652173913043478
SRQ,JetBlue Airways,12.056338028169014
SRQ,Republic Airways,9.91904047976012
SRQ,SkyWest Airlines,15.488888888888889
SRQ,United Airlines,6.934
STC,Allegiant Air ,6.638888888888889
STL,Alaska Airlines,-5.007722007722008
STL,American Airlines,5.14453828049287
STL,American Eagle Airlines,10.175050301810865
STL,Atlantic Southeast Airlines,18.691943127962084
STL,Comair,5.432775919732442
STL,Delta Air Lines,-1.7245166959578206
STL,Endeavor Air,7.208695652173913
STL,Frontier Airlines,12.425692695214106
STL,Mesa Airlines,4.033190578158458
STL,Republic Airways,2.4650400582665695
STL,SkyWest Airlines,5.875585023400936
STL,Southwest Airlines,5.666649447256948
STL,United Airlines,7.0
STS,Mesa Airlines,9.517799352750808
STS,SkyWest Airlines,5.095607235142118
STT,American Airlines,1.714828897338403
STT,Delta Air Lines,-7.723826714801444
STT,JetBlue Airways,3.9116347569955816
STT,Spirit Airlines,5.855737704918033
STT,United Airlines,-6.919753086419753
STX,American Airlines,-0.023703703703703703
STX,Delta Air Lines,-1.9012345679012346
STX,JetBlue Airways,5.538674033149171
SUN,SkyWest Airlines,6.682567215958369
SUX,American Eagle Airlines,11.887040280210158
SWF,Allegiant Air ,24.674666666666667
SWF,JetBlue Airways,20.847025495750707
SWF,SkyWest Airlines,9.657099697885196
SWO,American Eagle Airlines,-0.4175257731958763
SYR,Allegiant Air ,12.707006369426752
SYR,American Airlines,-1.5811836115326252
SYR,American Eagle Airlines,9.115470022205773
SYR,Atlantic Southeast Airlines,12.536299765807962
SYR,Comair,3.689149560117302
SYR,Delta Air Lines,-0.8347457627118644
SYR,Endeavor Air,4.097830084589923
SYR,Frontier Airlines,22.058823529411764
SYR,JetBlue Airways,4.880891719745223
SYR,Mesa Airlines,5.230576441102757
SYR,Republic Airways,1.1261620185922976
SYR,SkyWest Airlines,11.867755102040816
SYR,United Airlines,-5.3
TLH,American Eagle Airlines,0.37886872998932764
TLH,Atlantic Southeast Airlines,10.664406779661016
TLH,Comair,6.972829688535454
TLH,Delta Air Lines,3.4477498093058734
TLH,Endeavor Air,7.285289747399703
TLH,Mesa Airlines,4.885245901639344
TLH,Republic Airways,-2.1548117154811717
TOL,Allegiant Air ,8.619047619047619
TOL,American Eagle Airlines,-0.0016129032258064516
TOL,Comair,2.844155844155844
TOL,SkyWest Airlines,13.668639053254438
TPA,Alaska Airlines,-1.0025773195876289
TPA,American Airlines,5.524614869390489
TPA,American Eagle Airlines,-18.0
TPA,Delta Air Lines,1.0273738237810095
TPA,Endeavor Air,9.111764705882353
TPA,Frontier Airlines,18.249742356578494
TPA,JetBlue Airways,18.114704700683006
TPA,Mesa Airlines,11.0
TPA,Republic Airways,2.6444444444444444
TPA,SkyWest Airlines,30.922360248447205
TPA,Southwest Airlines,5.168203497615262
TPA,Spirit Airlines,3.275247524752475
TPA,United Airlines,6.431323283082077
TRI,Allegiant Air ,24.58169934640523
TRI,Atlantic Southeast Airlines,-0.8392857142857143
TRI,Comair,5.24822695035461
TRI,Delta Air Lines,3.9688385269121813
TRI,Endeavor Air,-1.6685990338164252
TRI,SkyWest Airlines,13.245416078984485
TTN,Allegiant Air ,17.352941176470587
TTN,Frontier Airlines,20.413333333333334
TUL,Allegiant Air ,18.77970297029703
TUL,American Airlines,4.4728682170542635
TUL,American Eagle Airlines,6.051480051480051
TUL,Atlantic Southeast Airlines,2.744978697504565
TUL,Comair,-0.22189349112426035
TUL,Delta Air Lines,-0.6642857142857143
TUL,Endeavor Air,1.5217391304347827
TUL,Frontier Airlines,25.243243243243242
TUL,Mesa Airlines,3.9373191899710704
TUL,Republic Airways,-0.6686567164179105
TUL,SkyWest Airlines,7.754290498116367
TUL,Southwest Airlines,4.217147781128824
TUL,United Airlines,-2.1728045325779037
TUS,Alaska Airlines,-3.0552486187845305
TUS,Allegiant Air ,0.7857142857142857
TUS,American Airlines,2.546201814058957
TUS,Atlantic Southeast Airlines,-1.6306306306306306
TUS,Delta Air Lines,-6.081408140814081
TUS,Frontier Airlines,9.866666666666667
TUS,Mesa Airlines,4.387149917627677
TUS,SkyWest Airlines,1.8102721970187945
TUS,Southwest Airlines,1.2140248356464574
TUS,United Airlines,-4.9289617486338795
TVC,American Eagle Airlines,0.47265625
TVC,Atlantic Southeast Airlines,47.288770053475936
TVC,Delta Air Lines,0.3236363636363636
TVC,Endeavor Air,2.0
TVC,Republic Airways,-0.4031413612565445
TVC,SkyWest Airlines,5.461495844875346
TVC,United Airlines,17.58823529411765
TWF,SkyWest Airlines,-3.6853754940711463
TXK,American Eagle Airlines,3.132427843803056
TXK,Atlantic Southeast Airlines,0.0
TYR,American Eagle Airlines,2.1734397677793904
TYS,Allegiant Air ,14.196536144578314
TYS,American Eagle Airlines,11.746268656716419
TYS,Atlantic Southeast Airlines,5.278665246716365
TYS,Comair,8.355263157894736
TYS,Delta Air Lines,-3.6805194805194805
TYS,Endeavor Air,-2.70414364640884
TYS,Frontier Airlines,11.775401069518717
TYS,Mesa Airlines,9.399193548387096
TYS,Republic Airways,5.6
TYS,SkyWest Airlines,13.031768610715979
TYS,United Airlines,22.321888412017167
UIN,SkyWest Airlines,12.149478563151796
USA,Allegiant Air ,17.008196721311474
VEL,SkyWest Airlines,0.15605095541401273
VLD,Endeavor Air,5.850574712643678
VLD,SkyWest Airlines,3.9183266932270917
VPS,Allegiant Air ,8.33166904422254
VPS,American Airlines,3.3156342182890857
VPS,American Eagle Airlines,3.2061855670103094
VPS,Atlantic Southeast Airlines,-0.8224932249322493
VPS,Comair,4.376375641966251
VPS,Delta Air Lines,0.95897903372835
VPS,Endeavor Air,10.666666666666666
VPS,Mesa Airlines,8.593647316538883
VPS,Republic Airways,1.8146551724137931
WRG,Alaska Airlines,-4.841068917018284
WYS,SkyWest Airlines,-0.1799163179916318
XNA,Allegiant Air ,19.324232081911262
XNA,American Airlines,18.04
XNA,American Eagle Airlines,4.179874506158494
XNA,Atlantic Southeast Airlines,7.603861907548274
XNA,Comair,4.904690990320178
XNA,Delta Air Lines,4.37843137254902
XNA,Endeavor Air,7.9020664869721475
XNA,Mesa Airlines,8.23873873873874
XNA,Republic Airways,14.39051094890511
XNA,SkyWest Airlines,8.534810126582279
YAK,Alaska Airlines,-7.207334273624824
YNG,Allegiant Air ,75.0
YUM,SkyWest Airlines,-5.234738372093023
